<?xml version="1.0" encoding="UTF-8"?>
<GenRun Id="impl_1" LaunchPart="xc7a35tcpg236-1" LaunchTime="1648572426">
  <File Type="BITSTR-BMM" Name="exp_3_bd.bmm"/>
  <File Type="OPT-METHODOLOGY-DRC" Name="exp_3_methodology_drc_opted.rpt"/>
  <File Type="INIT-TIMING" Name="exp_3_timing_summary_init.rpt"/>
  <File Type="ROUTE-PWR" Name="exp_3_power_routed.rpt"/>
  <File Type="PA-TCL" Name="exp_3.tcl"/>
  <File Type="OPT-TIMING" Name="exp_3_timing_summary_opted.rpt"/>
  <File Type="OPT-DCP" Name="exp_3_opt.dcp"/>
  <File Type="ROUTE-PWR-SUM" Name="exp_3_power_summary_routed.pb"/>
  <File Type="REPORTS-TCL" Name="exp_3_reports.tcl"/>
  <File Type="OPT-DRC" Name="exp_3_drc_opted.rpt"/>
  <File Type="OPT-HWDEF" Name="exp_3.hwdef"/>
  <File Type="PWROPT-DCP" Name="exp_3_pwropt.dcp"/>
  <File Type="PWROPT-DRC" Name="exp_3_drc_pwropted.rpt"/>
  <File Type="PWROPT-TIMING" Name="exp_3_timing_summary_pwropted.rpt"/>
  <File Type="PLACE-DCP" Name="exp_3_placed.dcp"/>
  <File Type="PLACE-IO" Name="exp_3_io_placed.rpt"/>
  <File Type="PLACE-CLK" Name="exp_3_clock_utilization_placed.rpt"/>
  <File Type="PLACE-UTIL" Name="exp_3_utilization_placed.rpt"/>
  <File Type="PLACE-UTIL-PB" Name="exp_3_utilization_placed.pb"/>
  <File Type="PLACE-CTRL" Name="exp_3_control_sets_placed.rpt"/>
  <File Type="PLACE-SIMILARITY" Name="exp_3_incremental_reuse_placed.rpt"/>
  <File Type="PLACE-PRE-SIMILARITY" Name="exp_3_incremental_reuse_pre_placed.rpt"/>
  <File Type="PLACE-TIMING" Name="exp_3_timing_summary_placed.rpt"/>
  <File Type="POSTPLACE-PWROPT-DCP" Name="exp_3_postplace_pwropt.dcp"/>
  <File Type="BG-BIN" Name="exp_3.bin"/>
  <File Type="POSTPLACE-PWROPT-TIMING" Name="exp_3_timing_summary_postplace_pwropted.rpt"/>
  <File Type="PHYSOPT-DCP" Name="exp_3_physopt.dcp"/>
  <File Type="PHYSOPT-DRC" Name="exp_3_drc_physopted.rpt"/>
  <File Type="BITSTR-MSK" Name="exp_3.msk"/>
  <File Type="PHYSOPT-TIMING" Name="exp_3_timing_summary_physopted.rpt"/>
  <File Type="ROUTE-ERROR-DCP" Name="exp_3_routed_error.dcp"/>
  <File Type="ROUTE-DCP" Name="exp_3_routed.dcp"/>
  <File Type="ROUTE-BLACKBOX-DCP" Name="exp_3_routed_bb.dcp"/>
  <File Type="ROUTE-DRC" Name="exp_3_drc_routed.rpt"/>
  <File Type="ROUTE-DRC-PB" Name="exp_3_drc_routed.pb"/>
  <File Type="ROUTE-DRC-RPX" Name="exp_3_drc_routed.rpx"/>
  <File Type="BITSTR-MMI" Name="exp_3.mmi"/>
  <File Type="ROUTE-METHODOLOGY-DRC" Name="exp_3_methodology_drc_routed.rpt"/>
  <File Type="ROUTE-METHODOLOGY-DRC-RPX" Name="exp_3_methodology_drc_routed.rpx"/>
  <File Type="ROUTE-METHODOLOGY-DRC-PB" Name="exp_3_methodology_drc_routed.pb"/>
  <File Type="ROUTE-PWR-RPX" Name="exp_3_power_routed.rpx"/>
  <File Type="ROUTE-STATUS" Name="exp_3_route_status.rpt"/>
  <File Type="ROUTE-STATUS-PB" Name="exp_3_route_status.pb"/>
  <File Type="ROUTE-TIMINGSUMMARY" Name="exp_3_timing_summary_routed.rpt"/>
  <File Type="ROUTE-TIMING-PB" Name="exp_3_timing_summary_routed.pb"/>
  <File Type="ROUTE-TIMING-RPX" Name="exp_3_timing_summary_routed.rpx"/>
  <File Type="ROUTE-SIMILARITY" Name="exp_3_incremental_reuse_routed.rpt"/>
  <File Type="ROUTE-CLK" Name="exp_3_clock_utilization_routed.rpt"/>
  <File Type="ROUTE-BUS-SKEW" Name="exp_3_bus_skew_routed.rpt"/>
  <File Type="ROUTE-BUS-SKEW-PB" Name="exp_3_bus_skew_routed.pb"/>
  <File Type="ROUTE-BUS-SKEW-RPX" Name="exp_3_bus_skew_routed.rpx"/>
  <File Type="POSTROUTE-PHYSOPT-DCP" Name="exp_3_postroute_physopt.dcp"/>
  <File Type="POSTROUTE-PHYSOPT-BLACKBOX-DCP" Name="exp_3_postroute_physopt_bb.dcp"/>
  <File Type="POSTROUTE-PHYSOPT-TIMING" Name="exp_3_timing_summary_postroute_physopted.rpt"/>
  <File Type="POSTROUTE-PHYSOPT-TIMING-PB" Name="exp_3_timing_summary_postroute_physopted.pb"/>
  <File Type="POSTROUTE-PHYSOPT-TIMING-RPX" Name="exp_3_timing_summary_postroute_physopted.rpx"/>
  <File Type="POSTROUTE-PHYSOPT-BUS-SKEW" Name="exp_3_bus_skew_postroute_physopted.rpt"/>
  <File Type="POSTROUTE-PHYSOPT-BUS-SKEW-PB" Name="exp_3_bus_skew_postroute_physopted.pb"/>
  <File Type="BG-BIT" Name="exp_3.bit"/>
  <File Type="POSTROUTE-PHYSOPT-BUS-SKEW-RPX" Name="exp_3_bus_skew_postroute_physopted.rpx"/>
  <File Type="BITSTR-RBT" Name="exp_3.rbt"/>
  <File Type="BITSTR-NKY" Name="exp_3.nky"/>
  <File Type="PDI-FILE" Name="exp_3.pdi"/>
  <File Type="RCFI_FILE" Name="exp_3.rcfi"/>
  <File Type="CFI_FILE" Name="exp_3.cfi"/>
  <File Type="RNPI_FILE" Name="exp_3.rnpi"/>
  <File Type="NPI_FILE" Name="exp_3.npi"/>
  <File Type="RBD_FILE" Name="exp_3.rbd"/>
  <File Type="BITSTR-LTX" Name="debug_nets.ltx"/>
  <File Type="BITSTR-LTX" Name="exp_3.ltx"/>
  <File Type="BITSTR-SYSDEF" Name="exp_3.sysdef"/>
  <File Type="BG-BGN" Name="exp_3.bgn"/>
  <File Type="BG-DRC" Name="exp_3.drc"/>
  <File Type="RDI-RDI" Name="exp_3.vdi"/>
  <File Type="WBT-USG" Name="usage_statistics_webtalk.html"/>
  <FileSet Name="sources" Type="DesignSrcs" RelSrcDir="$PSRCDIR/sources_1">
    <Filter Type="Srcs"/>
    <File Path="$PSRCDIR/sources_1/new/global.v">
      <FileInfo>
        <Attr Name="UsedIn" Val="synthesis"/>
        <Attr Name="UsedIn" Val="implementation"/>
        <Attr Name="UsedIn" Val="simulation"/>
      </FileInfo>
    </File>
    <File Path="$PSRCDIR/sources_1/new/binary_down_4digit_counter.v">
      <FileInfo>
        <Attr Name="UsedIn" Val="synthesis"/>
        <Attr Name="UsedIn" Val="implementation"/>
        <Attr Name="UsedIn" Val="simulation"/>
      </FileInfo>
    </File>
    <File Path="$PSRCDIR/sources_1/new/debounce.v">
      <FileInfo>
        <Attr Name="UsedIn" Val="synthesis"/>
        <Attr Name="UsedIn" Val="implementation"/>
        <Attr Name="UsedIn" Val="simulation"/>
      </FileInfo>
    </File>
    <File Path="$PSRCDIR/sources_1/new/display_7seg.v">
      <FileInfo>
        <Attr Name="UsedIn" Val="synthesis"/>
        <Attr Name="UsedIn" Val="implementation"/>
        <Attr Name="UsedIn" Val="simulation"/>
      </FileInfo>
    </File>
    <File Path="$PSRCDIR/sources_1/new/display_time_7_segment.v">
      <FileInfo>
        <Attr Name="UsedIn" Val="synthesis"/>
        <Attr Name="UsedIn" Val="implementation"/>
        <Attr Name="UsedIn" Val="simulation"/>
      </FileInfo>
    </File>
    <File Path="$PSRCDIR/sources_1/new/frequency_divider.v">
      <FileInfo>
        <Attr Name="UsedIn" Val="synthesis"/>
        <Attr Name="UsedIn" Val="implementation"/>
        <Attr Name="UsedIn" Val="simulation"/>
      </FileInfo>
    </File>
    <File Path="$PSRCDIR/sources_1/new/fsm.v">
      <FileInfo>
        <Attr Name="UsedIn" Val="synthesis"/>
        <Attr Name="UsedIn" Val="implementation"/>
        <Attr Name="UsedIn" Val="simulation"/>
      </FileInfo>
    </File>
    <File Path="$PSRCDIR/sources_1/new/led_controller.v">
      <FileInfo>
        <Attr Name="UsedIn" Val="synthesis"/>
        <Attr Name="UsedIn" Val="implementation"/>
        <Attr Name="UsedIn" Val="simulation"/>
      </FileInfo>
    </File>
    <File Path="$PSRCDIR/sources_1/new/min_sec_seperate.v">
      <FileInfo>
        <Attr Name="UsedIn" Val="synthesis"/>
        <Attr Name="UsedIn" Val="implementation"/>
        <Attr Name="UsedIn" Val="simulation"/>
      </FileInfo>
    </File>
    <File Path="$PSRCDIR/sources_1/new/onepulse.v">
      <FileInfo>
        <Attr Name="UsedIn" Val="synthesis"/>
        <Attr Name="UsedIn" Val="implementation"/>
        <Attr Name="UsedIn" Val="simulation"/>
      </FileInfo>
    </File>
    <File Path="$PSRCDIR/sources_1/new/segment7.v">
      <FileInfo>
        <Attr Name="UsedIn" Val="synthesis"/>
        <Attr Name="UsedIn" Val="implementation"/>
        <Attr Name="UsedIn" Val="simulation"/>
      </FileInfo>
    </File>
    <File Path="$PSRCDIR/sources_1/new/segment7_frequency_divider.v">
      <FileInfo>
        <Attr Name="UsedIn" Val="synthesis"/>
        <Attr Name="UsedIn" Val="implementation"/>
        <Attr Name="UsedIn" Val="simulation"/>
      </FileInfo>
    </File>
    <File Path="$PSRCDIR/sources_1/new/timer_controller.v">
      <FileInfo>
        <Attr Name="UsedIn" Val="synthesis"/>
        <Attr Name="UsedIn" Val="implementation"/>
        <Attr Name="UsedIn" Val="simulation"/>
      </FileInfo>
    </File>
    <File Path="$PSRCDIR/sources_1/new/exp_3.v">
      <FileInfo>
        <Attr Name="UsedIn" Val="synthesis"/>
        <Attr Name="UsedIn" Val="implementation"/>
        <Attr Name="UsedIn" Val="simulation"/>
      </FileInfo>
    </File>
    <Config>
      <Option Name="DesignMode" Val="RTL"/>
      <Option Name="TopModule" Val="exp_3"/>
      <Option Name="TopAutoSet" Val="TRUE"/>
    </Config>
  </FileSet>
  <FileSet Name="constrs_in" Type="Constrs" RelSrcDir="$PSRCDIR/constrs_1">
    <Filter Type="Constrs"/>
    <File Path="$PSRCDIR/constrs_1/new/exp_3.xdc">
      <FileInfo>
        <Attr Name="UsedIn" Val="synthesis"/>
        <Attr Name="UsedIn" Val="implementation"/>
      </FileInfo>
    </File>
    <Config>
      <Option Name="TargetConstrsFile" Val="$PSRCDIR/constrs_1/new/exp_3.xdc"/>
      <Option Name="ConstrsType" Val="XDC"/>
    </Config>
  </FileSet>
  <FileSet Name="utils" Type="Utils" RelSrcDir="$PSRCDIR/utils_1">
    <Filter Type="Utils"/>
    <Config>
      <Option Name="TopAutoSet" Val="TRUE"/>
    </Config>
  </FileSet>
  <Strategy Version="1" Minor="2">
    <StratHandle Name="Vivado Implementation Defaults" Flow="Vivado Implementation 2019">
      <Desc>Default settings for Implementation.</Desc>
    </StratHandle>
    <Step Id="init_design"/>
    <Step Id="opt_design"/>
    <Step Id="power_opt_design"/>
    <Step Id="place_design"/>
    <Step Id="post_place_power_opt_design"/>
    <Step Id="phys_opt_design" EnableStepBool="1"/>
    <Step Id="route_design"/>
    <Step Id="post_route_phys_opt_design"/>
    <Step Id="write_bitstream"/>
  </Strategy>
</GenRun>
